{
	"name": "nanogallery",
	"title": "jQuery nanoGALLERY",
	"description": "Very easy to implement image gallery plugin for jQuery. It is touch enabled, responsive, fast and it supports cloud storage. Featuring multi-level navigation in albums, lightbox, many hover effects on thumbnails, slideshow, fullscreen, pagination, image lazy load, deep linking, themes, bootstrap compatibility, customizable, i18n, and pulling in Flickr/Picasa/Google+ photo albums among others.",
	"keywords": [
		"image",
		"gallery",
		"portfolio",
		"photo",
		"photoset",
		"slideshow",
		"flickr",
		"googleplus",
		"picasa",
		"effects",
		"gesture",
		"responsive",
		"ui",
    "mobile",
    "ajax",
    "lightbox",
    "cloud",
    "touchscreen"
	],
	"version": "4.2.1",
	"author": {
		"name": "Kris_B",
		"url": "http://www.brisbois.fr"
	},
	"maintainers": [
		{
			"name": "Kris_B",
			"email": "chr@brisbois.fr",
			"url": "http://www.brisbois.fr"
		}
	],
	"licenses": [
		{
			"type": "CC BY-NC 3.0",
			"url": "http://creativecommons.org/licenses/by-nc/3.0/"
		}
	],
	"repository": {
		"type": "git",
		"url": "https://github.com/Kris-B/nanoGALLERY.git"
	},
	"bugs": "https://github.com/Kris-B/nanoGALLERY/issues",
	"homepage": "http://www.nanogallery.brisbois.fr",
	"demo": "http://www.nanogallery.brisbois.fr",
	"dependencies": {
		"jquery": ">=1.7"
	}
}
